Response,Model,Removed_term,R2,Adjusted_R2,RMSE,Mean_residual,Residual_std,Durbin_Watson,Max_abs_ACF,ACF_95_limit,Ljung_Box_Q,Ljung_Box_p,Jarque_Bera,Jarque_Bera_p,Max_abs_regressor_residual_corr,AIC,BIC
CY,Initial_OLS,,0.0571263293088,0.0516997182544,0.00582461913663,-0.00566779093375,0.00134347030654,0.0621651435525,0.428846976566,0.0740810367098,4057.00791682,0,3.14706795128,0.207311253358,0.369797315697,-7193.92633231,-7171.17093064
CY,Final_RLS,,0.624146622447,0.621983437541,0.00367747735549,-0.00339072017773,0.00142469506491,0.155827430446,0.48845342096,0.0740810367098,3871.85605377,0,3.31429278876,0.190682336657,0.572779641689,-7837.73956833,-7814.98416665
CY,Reduced,pb/(2V),0.579982283087,0.578171861893,0.00388753742955,-0.00360414223921,0.00145813008108,0.139421241035,0.513910347869,0.0740810367098,4759.46279591,0,4.27735366975,0.117810622845,0.490276761006,-7761.97112268,-7743.76680134
Cl,Initial_OLS,,0.315722495283,0.311784207486,0.00319427646952,-0.00300929443579,0.00107200320135,0.0158628571898,0.908877447255,0.0740810367098,3396.60807939,0,736.533481075,1.15820841514e-160,0.588728826433,-8034.95254348,-8012.1971418
Cl,Final_RLS,,0.684161822108,0.682344048422,0.00217014465505,-0.00185070329974,0.00113413519398,0.0407082493924,0.906291393679,0.0740810367098,3159.37005698,0,717.254761351,1.77871969211e-156,0.664264000487,-8576.14603327,-8553.3906316
Cl,Reduced,pb/(2V),0.357980013402,0.355212685874,0.00309407363316,-0.00272932507804,0.00145846323283,0.0122243546628,0.968731809438,0.0740810367098,10044.4899398,0,156.753696498,9.14886662677e-35,0.828391640248,-8081.57341979,-8063.36909845
Cn,Initial_OLS,,-3.41800048339,-3.4434278243,0.00196785319582,0.0019459649957,0.000292897578534,0.000108307662176,0.994630232063,0.0740810367098,23380.3011571,0,36.3112971528,1.30347290461e-08,0.515775172172,-8713.13691025,-8690.38150858
Cn,Final_RLS,,-0.714327478912,-0.724194111884,0.00122582002057,0.00117931551894,0.000334678417874,0.000109527201187,0.997369562163,0.0740810367098,18391.7155686,0,81.6708726303,1.84244843592e-18,0.813650473026,-9375.80335615,-9353.04795447
Cn,Reduced,delta_a,-0.709245700442,-0.716613138806,0.00122400182389,0.00117775947433,0.000333499586269,0.000109645214621,0.997408803922,0.0740810367098,18353.4913424,0,81.8792462439,1.66015098318e-18,0.812569591633,-9379.8814467,-9361.67712536
